Title,Urls,Updated_Date,Updated_Time
Rocky Mountain Chocolate Factory Announces Termination of “Poison Pill” Effective Immediately,https://www.businesswire.com/news/home/20211002005019/en/Rocky-Mountain-Chocolate-Factory-Announces-Termination-of-%E2%80%9CPoison-Pill%E2%80%9D-Effective-Immediately,10/02/2021 , 08:29 PM
Incyte gibt vollständige Ergebnisse des Phase-3-Programms TRuE-V zu Ruxolitinib-Creme (Opzelura™) bei Patienten mit Vitiligo bekannt,https://www.businesswire.com/news/home/20211002005018/de,10/02/2021 , 08:26 PM
Rio Tinto’s iron ore rail cars to be built in WA to boost local jobs,https://www.businesswire.com/news/home/20211002005001/en/Rio-Tinto%E2%80%99s-iron-ore-rail-cars-to-be-built-in-WA-to-boost-local-jobs,10/02/2021 , 07:00 PM
Společnost Johns Manville obnovuje závazek vytvářet lepší budoucnost a v nové zprávě o udržitelnosti stanovuje cíle pro rok 2025,https://www.businesswire.com/news/home/20211002005017/cs,10/02/2021 , 02:32 PM
Seres Therapeutics Presents Late-Breaking Data from SER-109 Phase 3 ECOSPOR III Study in Recurrent C. Difficile Infection at IDWeek2021,https://www.businesswire.com/news/home/20211002005004/en/Seres-Therapeutics-Presents-Late-Breaking-Data-from-SER-109-Phase-3-ECOSPOR-III-Study-in-Recurrent-C.-Difficile-Infection-at-IDWeek2021,10/02/2021 , 01:15 PM
Tesla Q3 2021 Vehicle Production & Deliveries,https://www.businesswire.com/news/home/20211002005015/en/Tesla-Q3-2021-Vehicle-Production-Deliveries,10/02/2021 , 11:33 AM
マベニア、次世代OSSでインテリジェント・ネットワーク・オペレーションを実現,https://www.businesswire.com/news/home/20211002005014/ja,10/02/2021 , 11:08 AM
シュルンベルジェとアヴィバが石油・ガス生産操業のためのデジタル・ソリューションの前進に向けて合意を発表,https://www.businesswire.com/news/home/20211002005013/ja,10/02/2021 , 10:55 AM
Riassunto: Incyte annuncia i risultati completi del programma di fase 3 TRuE-V per la valutazione di ruxolitinib in crema (Opzelura™) nei pazienti con vitiligine,https://www.businesswire.com/news/home/20211002005012/it,10/02/2021 , 10:25 AM
Erklärung der Anwälte Phil Brewster von der Brewster Law Firm und Patrick Mincey von Cranfill Sumner,https://www.businesswire.com/news/home/20211002005011/de,10/02/2021 , 08:11 AM
Inauguration d’une nouvelle ère d’éducation médicale à l’UNTH,https://www.businesswire.com/news/home/20211002005009/fr,10/02/2021 , 07:22 AM
Der Beginn einer neuen Ära in der medizinischen Ausbildung an der NTHU,https://www.businesswire.com/news/home/20211002005010/de,10/02/2021 , 07:22 AM
Riassunto: Al via una nuova era per la formazione medica alla NTHU,https://www.businesswire.com/news/home/20211002005008/it,10/02/2021 , 06:02 AM
Incyte Announces Full Results From Phase 3 TRuE-V Program Evaluating Ruxolitinib Cream (Opzelura™) in Patients With Vitiligo,https://www.businesswire.com/news/home/20211002005006/en/Incyte-Announces-Full-Results-From-Phase-3-TRuE-V-Program-Evaluating-Ruxolitinib-Cream-Opzelura%E2%84%A2-in-Patients-With-Vitiligo,10/02/2021 , 05:15 AM
Kyowa Kirin and Amgen Present Positive Late-Breaking Data from Phase 2 Study of KHK4083/AMG 451 in Adult Patients with Moderate-to-Severe Atopic Dermatitis at EADV Congress,https://www.businesswire.com/news/home/20211002005007/en/Kyowa-Kirin-and-Amgen-Present-Positive-Late-Breaking-Data-from-Phase-2-Study-of-KHK4083AMG-451-in-Adult-Patients-with-Moderate-to-Severe-Atopic-Dermatitis-at-EADV-Congress,10/02/2021 , 05:00 AM
Ushering in a New Era of Medical Education at NTHU,https://www.businesswire.com/news/home/20211001005043/en/Ushering-in-a-New-Era-of-Medical-Education-at-NTHU,10/02/2021 , 01:00 AM
"ZYMERGEN 72 HOUR DEADLINE ALERT: Former Louisiana Attorney General and Kahn Swick & Foti, LLC Remind Investors With Losses in Excess of $100,000 of Deadline in Class Action Lawsuit Against Zymergen Inc. - ZY",https://www.businesswire.com/news/home/20211001005689/en/ZYMERGEN-72-HOUR-DEADLINE-ALERT-Former-Louisiana-Attorney-General-and-Kahn-Swick-Foti-LLC-Remind-Investors-With-Losses-in-Excess-of-100000-of-Deadline-in-Class-Action-Lawsuit-Against-Zymergen-Inc.---ZY,10/01/2021 , 10:50 PM
"GOODRX INVESTIGATION INITIATED by Former Louisiana Attorney General: Kahn Swick & Foti, LLC Investigates the Officers and Directors of GoodRx Holdings, Inc. - GDRX",https://www.businesswire.com/news/home/20211001005694/en/GOODRX-INVESTIGATION-INITIATED-by-Former-Louisiana-Attorney-General-Kahn-Swick-Foti-LLC-Investigates-the-Officers-and-Directors-of-GoodRx-Holdings-Inc.---GDRX,10/01/2021 , 10:50 PM
"ACTIVISION BLIZZARD 72 HOUR DEADLINE ALERT: Former Louisiana Attorney General and Kahn Swick & Foti, LLC Remind Investors With Losses in Excess of $100,000 of Deadline in Class Action Lawsuit Against Activision Blizzard, Inc. - ATVI",https://www.businesswire.com/news/home/20211001005693/en/ACTIVISION-BLIZZARD-72-HOUR-DEADLINE-ALERT-Former-Louisiana-Attorney-General-and-Kahn-Swick-Foti-LLC-Remind-Investors-With-Losses-in-Excess-of-100000-of-Deadline-in-Class-Action-Lawsuit-Against-Activision-Blizzard-Inc.---ATVI,10/01/2021 , 10:50 PM
Amerigroup Increases Access to Whole-Health Benefits in Medicare Advantage Plans to Meet Members’ Unique Healthcare Needs,https://www.businesswire.com/news/home/20211001005034/en/Amerigroup-Increases-Access-to-Whole-Health-Benefits-in-Medicare-Advantage-Plans-to-Meet-Members%E2%80%99-Unique-Healthcare-Needs,10/01/2021 , 10:31 PM
Déclaration des avocats Phil Brewster de Brewster Law Firm et Patrick Mincey de Cranfill Sumner,https://www.businesswire.com/news/home/20211001005770/fr,10/01/2021 , 10:05 PM
Samenvatting: FEELM versterkt zijn toewijding aan innovaties in verstuivings technologie op 2021 UK Media Day,https://www.businesswire.com/news/home/20211001005766/nl,10/01/2021 , 09:05 PM
フェリングが再発性C. Difficile感染症に対する持続的な有効性を一貫して示したRBX2660の臨床試験5件の完全データと、微生物叢特性の好ましい変化を示した複数の解析結果を発表,https://www.businesswire.com/news/home/20211001005765/ja,10/01/2021 , 08:53 PM
ロッキード・マーティン・ベンチャーズとNTTドコモ・ベンチャーズがTileDBのユニバーサルデータベースを前進させるため当社に出資,https://www.businesswire.com/news/home/20211001005764/ja,10/01/2021 , 08:47 PM
MMIT/Evaluate收购Panalgo，为制药分析和决策加快速度，增强信任,https://www.businesswire.com/news/home/20211001005761/zh-CN,10/01/2021 , 08:44 PM
MMIT/Evaluate收購Panalgo，為製藥分析和決策加快速度，增強信任,https://www.businesswire.com/news/home/20211001005762/zh-HK,10/01/2021 , 08:44 PM
MMIT／エバリュエートがペナルゴを買収し、製薬分析と意思決定にスピードと信頼をもたらす,https://www.businesswire.com/news/home/20211001005763/ja,10/01/2021 , 08:44 PM
新しいブライトコーブ・マーケットプレイスが技術パートナーのエコシステムを拡大,https://www.businesswire.com/news/home/20211001005760/ja,10/01/2021 , 08:38 PM
新的BRIGHTCOVE MARKETPLACE扩大技术合作伙伴生态系统,https://www.businesswire.com/news/home/20211001005758/zh-CN,10/01/2021 , 08:37 PM
新的BRIGHTCOVE MARKETPLACE擴大技術合作夥伴生態系統,https://www.businesswire.com/news/home/20211001005759/zh-HK,10/01/2021 , 08:37 PM
Amerigroup Increases Access to Whole-Health Benefits in Medicare Advantage Plans to Meet Members’ Unique Healthcare Needs,https://www.businesswire.com/news/home/20211001005033/en/Amerigroup-Increases-Access-to-Whole-Health-Benefits-in-Medicare-Advantage-Plans-to-Meet-Members%E2%80%99-Unique-Healthcare-Needs,10/01/2021 , 08:31 PM
ニールセンIQがオムニチャネル計測革命のペースを確立,https://www.businesswire.com/news/home/20211001005757/ja,10/01/2021 , 08:27 PM
Declaração dos advogados Phil Brewster da Brewster Law Firm e Patrick Mincey da Cranfill Sumner,https://www.businesswire.com/news/home/20211001005756/pt,10/01/2021 , 08:12 PM
CSC研究發現：因網域名稱安全措施不當，大多數全球超大型企業易受網路釣魚和品牌冒用影響,https://www.businesswire.com/news/home/20211001005754/zh-HK,10/01/2021 , 08:12 PM
CSCの調査で世界最大級の企業の多数にドメインセキュリティー不備によるフィッシングやブランド悪用の危険があると判明,https://www.businesswire.com/news/home/20211001005755/ja,10/01/2021 , 08:12 PM
CSC研究发现：因域名安全措施不当，大多数全球超大型公司易受网络钓鱼和品牌冒用影响,https://www.businesswire.com/news/home/20211001005753/zh-CN,10/01/2021 , 08:11 PM
"CoStar Group acquiert BureauxLocaux, un chef de file des plateformes numériques d'immobilier commercial en France",https://www.businesswire.com/news/home/20211001005752/fr,10/01/2021 , 07:47 PM
The Coretec Group erweitert Vorstand mit Ernennung von Douglas W. Freitag,https://www.businesswire.com/news/home/20211001005751/de,10/01/2021 , 07:22 PM
"SHAREHOLDER ALERT: Robbins LLP Reminds Investors of the Lead Plaintiff Deadline in the Class Action Against View, Inc. (VIEW) f/k/a CF Finance Acquisition Corp. II",https://www.businesswire.com/news/home/20211001005750/en/SHAREHOLDER-ALERT-Robbins-LLP-Reminds-Investors-of-the-Lead-Plaintiff-Deadline-in-the-Class-Action-Against-View-Inc.-VIEW-fka-CF-Finance-Acquisition-Corp.-II,10/01/2021 , 07:16 PM
"DEADLINE ALERT: Bragar Eagel & Squire, P.C. Reminds Investors That a Class Action Lawsuit Has Been Filed Against Zymergen Inc. and Encourages Investors to Contact the Firm",https://www.businesswire.com/news/home/20211001005720/en/DEADLINE-ALERT-Bragar-Eagel-Squire-P.C.-Reminds-Investors-That-a-Class-Action-Lawsuit-Has-Been-Filed-Against-Zymergen-Inc.-and-Encourages-Investors-to-Contact-the-Firm,10/01/2021 , 07:00 PM
"DEADLINE ALERT: Bragar Eagel & Squire, P.C. Reminds Investors that a Class Action Lawsuit Has Been Filed Against Iterum Therapeutics plc and Encourages Investors to Contact the Firm",https://www.businesswire.com/news/home/20211001005738/en/DEADLINE-ALERT-Bragar-Eagel-Squire-P.C.-Reminds-Investors-that-a-Class-Action-Lawsuit-Has-Been-Filed-Against-Iterum-Therapeutics-plc-and-Encourages-Investors-to-Contact-the-Firm,10/01/2021 , 07:00 PM
"HYZON ALERT: Bragar Eagel & Squire, P.C. Announces That a Class Action Lawsuit Has Been Filed Against Hyzon Motors Inc. and Encourages Investors to Contact the Firm",https://www.businesswire.com/news/home/20211001005727/en/HYZON-ALERT-Bragar-Eagel-Squire-P.C.-Announces-That-a-Class-Action-Lawsuit-Has-Been-Filed-Against-Hyzon-Motors-Inc.-and-Encourages-Investors-to-Contact-the-Firm,10/01/2021 , 07:00 PM
"CFRA gibt Übernahme von Washington Analysis, LLC bekannt",https://www.businesswire.com/news/home/20211001005749/de,10/01/2021 , 06:58 PM
"SHAREHOLDER ALERT: Robbins LLP Reminds Investors that Katapult Holdings, Inc. (KPLT) is Being Sued for Misleading Shareholders",https://www.businesswire.com/news/home/20211001005748/en/SHAREHOLDER-ALERT-Robbins-LLP-Reminds-Investors-that-Katapult-Holdings-Inc.-KPLT-is-Being-Sued-for-Misleading-Shareholders,10/01/2021 , 06:57 PM
SHAREHOLDER ALERT: Robbins LLP Reminds Investors that the Lead Plaintiff Deadline is Approaching in the Class Action Against Yalla Group Limited (YALA),https://www.businesswire.com/news/home/20211001005747/en/SHAREHOLDER-ALERT-Robbins-LLP-Reminds-Investors-that-the-Lead-Plaintiff-Deadline-is-Approaching-in-the-Class-Action-Against-Yalla-Group-Limited-YALA,10/01/2021 , 06:55 PM
"Pershing Square Holdings, Ltd. Releases Monthly Net Asset Value and Performance Report for September 2021",https://www.businesswire.com/news/home/20211001005746/en/Pershing-Square-Holdings-Ltd.-Releases-Monthly-Net-Asset-Value-and-Performance-Report-for-September-2021,10/01/2021 , 06:44 PM
"CoStar Group verwerft BureauxLocaux, een toonaangevende digitale marktplaats voor commercieel onroerend goed in Frankrijk",https://www.businesswire.com/news/home/20211001005745/nl,10/01/2021 , 06:32 PM
"TortoiseEcofin Provides Unaudited Balance Sheet Information and Asset Coverage Ratio Updates as of September 30, 2021 for TYG, NTG, TTP, NDP, TPZ and TEAF",https://www.businesswire.com/news/home/20211001005743/en/TortoiseEcofin-Provides-Unaudited-Balance-Sheet-Information-and-Asset-Coverage-Ratio-Updates-as-of-September-30-2021-for-TYG-NTG-TTP-NDP-TPZ-and-TEAF,10/01/2021 , 06:30 PM
'Fashion Futian! Explore Globally' Shenzhen Futian Fashion Investment 2021 Paris Forum met succes gelanceerd,https://www.businesswire.com/news/home/20211001005744/nl,10/01/2021 , 06:29 PM
"Ranger Energy Services, Inc. Completes Acquisition of Basic Energy Services Assets From Chapter 11 Bankruptcy",https://www.businesswire.com/news/home/20211001005742/en/Ranger-Energy-Services-Inc.-Completes-Acquisition-of-Basic-Energy-Services-Assets-From-Chapter-11-Bankruptcy,10/01/2021 , 06:27 PM
"ACCELERON INVESTOR ALERT by the Former Attorney General of Louisiana: Kahn Swick & Foti, LLC Investigates Adequacy of Price and Process in Proposed Sale of Acceleron Pharma Inc. - XLRN",https://www.businesswire.com/news/home/20211001005741/en/ACCELERON-INVESTOR-ALERT-by-the-Former-Attorney-General-of-Louisiana-Kahn-Swick-Foti-LLC-Investigates-Adequacy-of-Price-and-Process-in-Proposed-Sale-of-Acceleron-Pharma-Inc.---XLRN,10/01/2021 , 06:27 PM
"TDCX se prepara para aprovechar las oportunidades del mercado de servicios de CX subcontratados, de 100.000 millones de dólares, con su debut en la Bolsa de Nueva York",https://www.businesswire.com/news/home/20211001005740/es,10/01/2021 , 06:22 PM
Atara Biotherapeutics Reports Inducement Grants Under Nasdaq Listing Rule 5635(C)(4),https://www.businesswire.com/news/home/20211001005739/en/Atara-Biotherapeutics-Reports-Inducement-Grants-Under-Nasdaq-Listing-Rule-5635-C-4,10/01/2021 , 06:14 PM
GROUPE SEB: Securities Repurchasing Programme- Weekly Disclosure Trading in Own Shares From 14 September 2021,https://www.businesswire.com/news/home/20211001005736/en/GROUPE-SEB-Securities-Repurchasing-Programme--Weekly-Disclosure-Trading-in-Own-Shares-From-14-September-2021,10/01/2021 , 06:07 PM
GROUPE SEB : RACHAT D’ACTIONS – DECLARATION HEBDOMADAIRE TRANSACTIONS SUR ACTIONS PROPRES DU 14 SEPTEMBRE 2021,https://www.businesswire.com/news/home/20211001005737/fr,10/01/2021 , 06:07 PM
"Selon l'AHF, la nouvelle enquête sur le COVID-19 doit réexaminer l'hypothèse d'une fuite de laboratoire",https://www.businesswire.com/news/home/20211001005734/fr,10/01/2021 , 06:07 PM
Declaración de los abogados Phil Brewster de Brewster Law Firm y Patrick Mincey de Cranfill Sumner,https://www.businesswire.com/news/home/20211001005733/es,10/01/2021 , 06:06 PM
Wells Fargo Utilities and High Income Fund Announces Sources of Distribution,https://www.businesswire.com/news/home/20211001005732/en/Wells-Fargo-Utilities-and-High-Income-Fund-Announces-Sources-of-Distribution,10/01/2021 , 06:06 PM
"CFRA anuncia la adquisición de Washington Analysis, LLC",https://www.businesswire.com/news/home/20211001005731/es,10/01/2021 , 06:05 PM
"CFRA annonce l'acquisition de Washington Analysis, LLC",https://www.businesswire.com/news/home/20211001005730/fr,10/01/2021 , 06:03 PM
"A CFRA anuncia aquisição da Washington Analysis, LLC",https://www.businesswire.com/news/home/20211001005729/pt,10/01/2021 , 06:01 PM
"CoStar Group Acquisisce BureauxLocaux, uno dei principali mercati digitali di proprietà commerciali in Francia",https://www.businesswire.com/news/home/20211001005728/it,10/01/2021 , 05:58 PM
Physicians Realty Trust Announces Agreement to Purchase Medical Office Portfolio for $764 Million,https://www.businesswire.com/news/home/20211001005726/en/Physicians-Realty-Trust-Announces-Agreement-to-Purchase-Medical-Office-Portfolio-for-764-Million,10/01/2021 , 05:56 PM
"$13.5 Million Apartment Community in Sacramento, CA Sold by TMG",https://www.businesswire.com/news/home/20211001005725/en/13.5-Million-Apartment-Community-in-Sacramento-CA-Sold-by-TMG,10/01/2021 , 05:55 PM
"Vivint Smart Home to Participate in InsureTech Connect (ITC), the World’s Largest Gathering of Insurance Leaders and Innovators",https://www.businesswire.com/news/home/20211001005723/en/Vivint-Smart-Home-to-Participate-in-InsureTech-Connect-ITC-the-World%E2%80%99s-Largest-Gathering-of-Insurance-Leaders-and-Innovators,10/01/2021 , 05:50 PM
BaCo Tech Is the Time Machine the Public Accounting Industry Has Been Looking For,https://www.businesswire.com/news/home/20211001005722/en/BaCo-Tech-Is-the-Time-Machine-the-Public-Accounting-Industry-Has-Been-Looking-For,10/01/2021 , 05:49 PM
"Domtar Corporation and Karta Halten B.V., Through Its Subsidiary Pearl Merger Sub Inc., Announce the Pricing of Private Offering of Senior Secured Notes Due 2028",https://www.businesswire.com/news/home/20211001005721/en/Domtar-Corporation-and-Karta-Halten-B.V.-Through-Its-Subsidiary-Pearl-Merger-Sub-Inc.-Announce-the-Pricing-of-Private-Offering-of-Senior-Secured-Notes-Due-2028,10/01/2021 , 05:48 PM
U.S. FDA Approves Kite’s Tecartus® as the First and Only Car T for Adults With Relapsed or Refractory B-cell Acute Lymphoblastic Leukemia,https://www.businesswire.com/news/home/20211001005719/en/U.S.-FDA-Approves-Kite%E2%80%99s-Tecartus%C2%AE-as-the-First-and-Only-Car-T-for-Adults-With-Relapsed-or-Refractory-B-cell-Acute-Lymphoblastic-Leukemia,10/01/2021 , 05:46 PM
Blackstone Secured Lending Fund Files Registration Statement for Initial Public Offering,https://www.businesswire.com/news/home/20211001005718/en/Blackstone-Secured-Lending-Fund-Files-Registration-Statement-for-Initial-Public-Offering,10/01/2021 , 05:38 PM
"AM Best Retira las Calificaciones Crediticias de XL Seguros México, S.A. de C.V.",https://www.businesswire.com/news/home/20211001005717/es,10/01/2021 , 05:33 PM
"AM Best Withdraws Credit Ratings of XL Seguros México, S.A. de C.V.",https://www.businesswire.com/news/home/20211001005716/en/AM-Best-Withdraws-Credit-Ratings-of-XL-Seguros-M%C3%A9xico-S.A.-de-C.V.,10/01/2021 , 05:32 PM
"Nieuwe COVID-19-sonde moet de oorsprong van lekkage in het laboratorium opnieuw onderzoeken, zegt AHF",https://www.businesswire.com/news/home/20211001005715/nl,10/01/2021 , 05:26 PM
"È stato lanciato “La moda di Futian! Esplorazione globale”, il forum parigino 2021 per gli investimenti nella moda di Shenzhen Futian",https://www.businesswire.com/news/home/20211001005714/it,10/01/2021 , 05:17 PM
CORRECTING and REPLACING Oscar Announces Partnerships With Leading Chicago Area Health Systems to Offer Affordable Health Insurance and Care,https://www.businesswire.com/news/home/20210930005021/en/CORRECTING-and-REPLACING-Oscar-Announces-Partnerships-With-Leading-Chicago-Area-Health-Systems-to-Offer-Affordable-Health-Insurance-and-Care,10/01/2021 , 05:15 PM
Riassunto: Dichiarazione rilasciata dai consulenti legali Phil Brewster di Brewster Law Firm e Patrick Mincey di Cranfill Sumner,https://www.businesswire.com/news/home/20211001005713/it,10/01/2021 , 05:10 PM
BMW of North America Reports Q3 2021 U.S. Sales Results,https://www.businesswire.com/news/home/20211001005712/en/BMW-of-North-America-Reports-Q3-2021-U.S.-Sales-Results,10/01/2021 , 05:00 PM
Distribution Dates and Amounts Announced for Certain BlackRock Closed-End Funds,https://www.businesswire.com/news/home/20211001005698/en/Distribution-Dates-and-Amounts-Announced-for-Certain-BlackRock-Closed-End-Funds,10/01/2021 , 05:00 PM
"Barnes Group Inc. to Host Virtual Investor Day on December 14, 2021",https://www.businesswire.com/news/home/20211001005711/en/Barnes-Group-Inc.-to-Host-Virtual-Investor-Day-on-December-14-2021,10/01/2021 , 04:59 PM
Retail Value Inc. Announces Sale of Continental U.S. Property Portfolio and Declares Dividends on Series A Preferred Shares and Common Shares,https://www.businesswire.com/news/home/20211001005710/en/Retail-Value-Inc.-Announces-Sale-of-Continental-U.S.-Property-Portfolio-and-Declares-Dividends-on-Series-A-Preferred-Shares-and-Common-Shares,10/01/2021 , 04:59 PM
KBRA Assigns Preliminary Ratings to Sequoia Mortgage Trust 2021-7 (SEMT 2021-7),https://www.businesswire.com/news/home/20211001005709/en/KBRA-Assigns-Preliminary-Ratings-to-Sequoia-Mortgage-Trust-2021-7-SEMT-2021-7,10/01/2021 , 04:57 PM
Douglas Emmett Announces Dates for Its 2021 Third Quarter Earnings Results and Live Conference Call,https://www.businesswire.com/news/home/20211001005708/en/Douglas-Emmett-Announces-Dates-for-Its-2021-Third-Quarter-Earnings-Results-and-Live-Conference-Call,10/01/2021 , 04:55 PM
"CoStar Group übernimmt BureauxLocaux, einen führenden digitalen Marktplatz für Gewerbeimmobilien in Frankreich",https://www.businesswire.com/news/home/20211001005707/de,10/01/2021 , 04:48 PM
First BanCorp. Announces Payment of Dividends on Preferred Stock,https://www.businesswire.com/news/home/20211001005673/en/First-BanCorp.-Announces-Payment-of-Dividends-on-Preferred-Stock,10/01/2021 , 04:45 PM
Sensient Announces Conference Call,https://www.businesswire.com/news/home/20211001005704/en/Sensient-Announces-Conference-Call,10/01/2021 , 04:42 PM
Avalara Acquires Track1099 to Help Businesses Manage IRS Form Filing Requirements,https://www.businesswire.com/news/home/20211001005703/en/Avalara-Acquires-Track1099-to-Help-Businesses-Manage-IRS-Form-Filing-Requirements,10/01/2021 , 04:39 PM
Dicerna Reports Inducement Grants Under Nasdaq Listing Rule 5635(c)(4),https://www.businesswire.com/news/home/20211001005702/en/Dicerna-Reports-Inducement-Grants-Under-Nasdaq-Listing-Rule-5635-c-4,10/01/2021 , 04:38 PM
LegalShield Associates Come Together in Phoenix October 1-3 for the 2021 Leadership Convention,https://www.businesswire.com/news/home/20211001005449/en/LegalShield-Associates-Come-Together-in-Phoenix-October-1-3-for-the-2021-Leadership-Convention,10/01/2021 , 04:30 PM
Badger Meter Schedules Third Quarter 2021 Earnings Call,https://www.businesswire.com/news/home/20211001005493/en/Badger-Meter-Schedules-Third-Quarter-2021-Earnings-Call,10/01/2021 , 04:30 PM
LGL Announces Approval of Spin-off and Holdings of IRNT Shares,https://www.businesswire.com/news/home/20211001005697/en/LGL-Announces-Approval-of-Spin-off-and-Holdings-of-IRNT-Shares,10/01/2021 , 04:30 PM
RiverNorth Closed-End Funds Declare Monthly Distributions,https://www.businesswire.com/news/home/20211001005700/en/RiverNorth-Closed-End-Funds-Declare-Monthly-Distributions,10/01/2021 , 04:30 PM
Afya Limited Announces the Acquisition of RX PRO,https://www.businesswire.com/news/home/20211001005701/en/Afya-Limited-Announces-the-Acquisition-of-RX-PRO,10/01/2021 , 04:30 PM
VF Corporation Announces Second Quarter Fiscal 2022 Earnings and Conference Call Date,https://www.businesswire.com/news/home/20211001005066/en/VF-Corporation-Announces-Second-Quarter-Fiscal-2022-Earnings-and-Conference-Call-Date,10/01/2021 , 04:30 PM
ImmunoGen Announces Inducement Grants Under Nasdaq Listing Rule 5635(c)(4),https://www.businesswire.com/news/home/20211001005489/en/ImmunoGen-Announces-Inducement-Grants-Under-Nasdaq-Listing-Rule-5635-c-4,10/01/2021 , 04:30 PM
Angel Oak Dynamic Financial Strategies Income Term Trust Declares October 2021 Distribution,https://www.businesswire.com/news/home/20211001005635/en/Angel-Oak-Dynamic-Financial-Strategies-Income-Term-Trust-Declares-October-2021-Distribution,10/01/2021 , 04:30 PM
Banc of California and Pacific Mercantile Bancorp Announce Receipt of Final Regulatory Approval,https://www.businesswire.com/news/home/20211001005699/en/Banc-of-California-and-Pacific-Mercantile-Bancorp-Announce-Receipt-of-Final-Regulatory-Approval,10/01/2021 , 04:20 PM
AvalonBay Communities Announces Third Quarter 2021 Earnings Release Date,https://www.businesswire.com/news/home/20211001005637/en/AvalonBay-Communities-Announces-Third-Quarter-2021-Earnings-Release-Date,10/01/2021 , 04:15 PM
H&E Equipment Services Completes Sale of Crane Business,https://www.businesswire.com/news/home/20211001005081/en/HE-Equipment-Services-Completes-Sale-of-Crane-Business,10/01/2021 , 04:15 PM
MFS Announces Closed-End Fund Distributions,https://www.businesswire.com/news/home/20211001005677/en/MFS-Announces-Closed-End-Fund-Distributions,10/01/2021 , 04:15 PM
XAI Octagon Floating Rate & Alternative Income Term Trust Declares its Monthly Common Shares Distribution and Quarterly Preferred Shares Dividend,https://www.businesswire.com/news/home/20211001005067/en/XAI-Octagon-Floating-Rate-Alternative-Income-Term-Trust-Declares-its-Monthly-Common-Shares-Distribution-and-Quarterly-Preferred-Shares-Dividend,10/01/2021 , 04:15 PM
"Elmer Bancorp, Inc. Announces Cash Dividend",https://www.businesswire.com/news/home/20211001005676/en/Elmer-Bancorp-Inc.-Announces-Cash-Dividend,10/01/2021 , 04:15 PM
"ADDING MULTIMEDIA BNP Paribas Opens Expanded New Office in Chesterbook, PA",https://www.businesswire.com/news/home/20211001005140/en/ADDING-MULTIMEDIA-BNP%C2%A0Paribas-Opens-Expanded-New-Office-in-Chesterbook-PA,10/01/2021 , 04:13 PM
NI Announces Upcoming Events With the Financial Community,https://www.businesswire.com/news/home/20211001005008/en/NI-Announces-Upcoming-Events-With-the-Financial-Community,10/01/2021 , 04:10 PM
Arco Receives Antitrust Approval and Completes the Acquisition of COC and Dom Bosco Learning Systems,https://www.businesswire.com/news/home/20211001005696/en/Arco-Receives-Antitrust-Approval-and-Completes-the-Acquisition-of-COC-and-Dom-Bosco-Learning-Systems,10/01/2021 , 04:06 PM
Verisign to Report Third Quarter 2021 Financial Results,https://www.businesswire.com/news/home/20211001005153/en/Verisign-to-Report-Third-Quarter-2021-Financial-Results,10/01/2021 , 04:05 PM
"Expro and Frank’s Complete Merger, Creating a New Full-Cycle Energy Services Leader",https://www.businesswire.com/news/home/20211001005603/en/Expro-and-Frank%E2%80%99s-Complete-Merger-Creating-a-New-Full-Cycle-Energy-Services-Leader,10/01/2021 , 04:05 PM
"Sixth Street Specialty Lending, Inc. Schedules Earnings Release and Conference Call to Discuss its Third Quarter Ended September 30, 2021 Financial Results",https://www.businesswire.com/news/home/20211001005638/en/Sixth-Street-Specialty-Lending-Inc.-Schedules-Earnings-Release-and-Conference-Call-to-Discuss-its-Third-Quarter-Ended-September-30-2021-Financial-Results,10/01/2021 , 04:05 PM
"Manitowoc Completes Acquisition of the Crane Business of H&E Equipment Services, Inc.",https://www.businesswire.com/news/home/20211001005684/en/Manitowoc-Completes-Acquisition-of-the-Crane-Business-of-HE-Equipment-Services-Inc.,10/01/2021 , 04:05 PM
Capital Senior Living Enters into Amended and Restated Investment Agreement with Conversant Capital,https://www.businesswire.com/news/home/20211001005692/en/Capital-Senior-Living-Enters-into-Amended-and-Restated-Investment-Agreement-with-Conversant-Capital,10/01/2021 , 04:05 PM
Xeris Pharmaceuticals Announces Inducement Grants Under NASDAQ Listing Rule 5635(c)(4),https://www.businesswire.com/news/home/20211001005006/en/Xeris-Pharmaceuticals-Announces-Inducement-Grants-Under-NASDAQ-Listing-Rule-5635-c-4,10/01/2021 , 04:05 PM
"Cal-Maine Foods, Inc. Announces Promotions of Sales Team",https://www.businesswire.com/news/home/20211001005632/en/Cal-Maine-Foods-Inc.-Announces-Promotions-of-Sales-Team,10/01/2021 , 04:05 PM
E*TRADE Releases Monthly Sector Rotation Study,https://www.businesswire.com/news/home/20211001005643/en/E*TRADE-Releases-Monthly-Sector-Rotation-Study,10/01/2021 , 04:05 PM
Shelley Leibowitz Elected to Elastic’s Board of Directors,https://www.businesswire.com/news/home/20211001005685/en/Shelley-Leibowitz-Elected-to-Elastic%E2%80%99s-Board-of-Directors,10/01/2021 , 04:05 PM
"BlackRock Capital Investment Corporation to Report Third Quarter 2021 Earnings on November 3, 2021",https://www.businesswire.com/news/home/20211001005505/en/BlackRock-Capital-Investment-Corporation-to-Report-Third-Quarter-2021-Earnings-on-November-3-2021,10/01/2021 , 04:01 PM
"Mike Paciello joins AbleDocs as Vice President, United States",https://www.businesswire.com/news/home/20211001005695/en/Mike-Paciello-joins-AbleDocs-as-Vice-President-United-States,10/01/2021 , 04:01 PM
McGrath RentCorp Sets Third Quarter 2021 Financial Results Date and Time,https://www.businesswire.com/news/home/20211001005131/en/McGrath-RentCorp-Sets-Third-Quarter-2021-Financial-Results-Date-and-Time,10/01/2021 , 04:01 PM
MEI Pharma Announces Inducement Grant Under Nasdaq Listing Rule 5635(c)(4),https://www.businesswire.com/news/home/20211001005571/en/MEI-Pharma-Announces-Inducement-Grant-Under-Nasdaq-Listing-Rule-5635-c-4,10/01/2021 , 04:00 PM
GAN Postpones Investor Event Previously Scheduled for October 4,https://www.businesswire.com/news/home/20211001005674/en/GAN-Postpones-Investor-Event-Previously-Scheduled-for-October-4,10/01/2021 , 04:00 PM
Cirrus Logic to Announce Q2 Results November 1,https://www.businesswire.com/news/home/20211001005099/en/Cirrus-Logic-to-Announce-Q2-Results-November-1,10/01/2021 , 04:00 PM
Beemok Capital Completes Acquisition of Charleston Place,https://www.businesswire.com/news/home/20211001005687/en/Beemok-Capital-Completes-Acquisition-of-Charleston-Place,10/01/2021 , 04:00 PM
"Chevron, Mercuria Finalize CNG Fueling Network Joint Venture",https://www.businesswire.com/news/home/20211001005593/en/Chevron-Mercuria-Finalize-CNG-Fueling-Network-Joint-Venture,10/01/2021 , 04:00 PM
"Grange Insurance Names John North President of Commercial Lines, Cheryl McRae Lebens President of Personal Lines",https://www.businesswire.com/news/home/20211001005686/en/Grange-Insurance-Names-John-North-President-of-Commercial-Lines-Cheryl-McRae-Lebens-President-of-Personal-Lines,10/01/2021 , 04:00 PM
INVESTIGATION REMINDER: The Schall Law Firm Announces it is Investigating Claims Against Lightspeed Commerce Inc. and Encourages Investors with Losses to Contact the Firm,https://www.businesswire.com/news/home/20211001005691/en/INVESTIGATION-REMINDER-The-Schall-Law-Firm-Announces-it-is-Investigating-Claims-Against-Lightspeed-Commerce-Inc.-and-Encourages-Investors-with-Losses-to-Contact-the-Firm,10/01/2021 , 03:51 PM
SHAREHOLDER ALERT: Robbins LLP Announces that Hyzon Motors Inc. (HYZN) f/k/a Decarbonization Plus Acquisition Corporation (DCRB) is Being Sued for Misleading Shareholders,https://www.businesswire.com/news/home/20211001005690/en/SHAREHOLDER-ALERT-Robbins-LLP-Announces-that-Hyzon-Motors-Inc.-HYZN-fka-Decarbonization-Plus-Acquisition-Corporation-DCRB-is-Being-Sued-for-Misleading-Shareholders,10/01/2021 , 03:46 PM
Statement From Attorneys Phil Brewster of Brewster Law Firm and Patrick Mincey of Cranfill Sumner,https://www.businesswire.com/news/home/20211001005688/en/Statement-From-Attorneys-Phil-Brewster-of-Brewster-Law-Firm-and-Patrick-Mincey-of-Cranfill-Sumner,10/01/2021 , 03:38 PM
"ASM Global Set to Unveil Spectacular Capital One Hall Tonight, One of the Country’s Most Unique Private/Public Venue Partnerships … It Also Will Have a Golf Course on the Roof",https://www.businesswire.com/news/home/20211001005683/en/ASM-Global-Set-to-Unveil-Spectacular-Capital-One-Hall-Tonight-One-of-the-Country%E2%80%99s-Most-Unique-PrivatePublic-Venue-Partnerships-%E2%80%A6-It-Also-Will-Have-a-Golf-Course-on-the-Roof,10/01/2021 , 03:19 PM
Glass Mountain Announces Entry Into Restructuring Support Agreement With Over Two-Thirds of Lenders to Effectuate Comprehensive Balance-Sheet Restructuring,https://www.businesswire.com/news/home/20211001005682/en/Glass-Mountain-Announces-Entry-Into-Restructuring-Support-Agreement-With-Over-Two-Thirds-of-Lenders-to-Effectuate-Comprehensive-Balance-Sheet-Restructuring,10/01/2021 , 03:15 PM
D.A. Davidson & Co. Acts as Exclusive Financial Advisor to WISP in Its Majority Stake Acquisition by WELL Health Technologies Corp.,https://www.businesswire.com/news/home/20211001005681/en/D.A.-Davidson-Co.-Acts-as-Exclusive-Financial-Advisor-to-WISP-in-Its-Majority-Stake-Acquisition-by-WELL-Health-Technologies-Corp.,10/01/2021 , 03:11 PM
Baron & Budd Helps Achieve a $1.8 Billion Settlement with Southern California Gas Company for Historic Aliso Canyon Gas Blowout,https://www.businesswire.com/news/home/20211001005680/en/Baron-Budd-Helps-Achieve-a-1.8-Billion-Settlement-with-Southern-California-Gas-Company-for-Historic-Aliso-Canyon-Gas-Blowout,10/01/2021 , 03:09 PM
AM Best Maintains Under Review with Negative Implications Status for Credit Ratings of Armour Secure Insurance S.A. de C.V.,https://www.businesswire.com/news/home/20211001005678/en/AM-Best-Maintains-Under-Review-with-Negative-Implications-Status-for-Credit-Ratings-of-Armour-Secure-Insurance-S.A.-de-C.V.,10/01/2021 , 03:06 PM
AM Best Mantiene el Estado de Bajo Revisión con Implicaciones Negativas para las Calificaciones Crediticias de Armour Secure Insurance S.A. de C.V.,https://www.businesswire.com/news/home/20211001005679/es,10/01/2021 , 03:06 PM
Epsilyte Acquires StyroChem to Expand Capacity and Customer Solutions,https://www.businesswire.com/news/home/20211001005644/en/Epsilyte-Acquires-StyroChem-to-Expand-Capacity-and-Customer-Solutions,10/01/2021 , 03:00 PM
Erek L. Barron Next U.S. Attorney for Maryland,https://www.businesswire.com/news/home/20211001005675/en/Erek-L.-Barron-Next-U.S.-Attorney-for-Maryland,10/01/2021 , 02:57 PM
"Textron to Release Third Quarter Results on October 28, 2021",https://www.businesswire.com/news/home/20211001005672/en/Textron-to-Release-Third-Quarter-Results-on-October-28-2021,10/01/2021 , 02:51 PM
"Samenvatting: Exscientia kondigt prijsverhoging aan van $ 304,7 miljoen opgewaardeerde beursintroductie en $ 160,0 miljoen gelijktijdige private plaatsingen",https://www.businesswire.com/news/home/20211001005671/nl,10/01/2021 , 02:45 PM
AM Best Downgrades Credit Ratings of Independent Mutual Fire Insurance Company,https://www.businesswire.com/news/home/20211001005670/en/AM-Best-Downgrades-Credit-Ratings-of-Independent-Mutual-Fire-Insurance-Company,10/01/2021 , 02:44 PM
Exclusive Networks: Stabilisation Period Announcement,https://www.businesswire.com/news/home/20211001005668/en/Exclusive-Networks%C2%A0Stabilisation-Period-Announcement,10/01/2021 , 02:37 PM
Exclusive Networks : Opérations de stabilisation,https://www.businesswire.com/news/home/20211001005669/fr,10/01/2021 , 02:37 PM
"Samenvatting: CFRA kondigt overname aan van Washington Analysis, LLC",https://www.businesswire.com/news/home/20211001005665/nl,10/01/2021 , 02:35 PM
"Riassunto: CFRA annuncia l'acquisizione di Washington Analysis, LLC",https://www.businesswire.com/news/home/20211001005666/it,10/01/2021 , 02:35 PM
Philippine Airlines Inc. (PAL) Receives U.S. Court Approval to Access US$505 Million in Debtor-in-Possession (“DIP”) Financing,https://www.businesswire.com/news/home/20211001005664/en/Philippine-Airlines-Inc.-PAL-Receives-U.S.-Court-Approval-to-Access-US505-Million-in-Debtor-in-Possession-%E2%80%9CDIP%E2%80%9D-Financing,10/01/2021 , 02:34 PM
PrimeLending’s Cindy Buhr Wins HousingWire Vanguard Award,https://www.businesswire.com/news/home/20211001005663/en/PrimeLending%E2%80%99s-Cindy-Buhr-Wins-HousingWire-Vanguard-Award,10/01/2021 , 02:28 PM
"Placé sous la devise «Fashion Futian ! Explore Globally», le forum Shenzhen Futian Fashion Investment Paris 2021 a été lancé avec succès",https://www.businesswire.com/news/home/20211001005661/fr,10/01/2021 , 02:22 PM
Shenzhen Futian Fashion Investment 2021 Paris Forum unter dem Motto „Mode Futian! Weltweit ergründen“ erfolgreich durchgeführt,https://www.businesswire.com/news/home/20211001005662/de,10/01/2021 , 02:22 PM
AM Best Places Credit Ratings of Members of AmFed Insurance Group Under Review With Positive Implications,https://www.businesswire.com/news/home/20211001005660/en/AM-Best-Places-Credit-Ratings-of-Members-of-AmFed-Insurance-Group-Under-Review-With-Positive-Implications,10/01/2021 , 02:18 PM
ムーディーズが自然関連財務情報開示タスクフォース（TNFD）に参加し、報告枠組みの構築を支援,https://www.businesswire.com/news/home/20211001005659/ja,10/01/2021 , 02:16 PM
Templeton Emerging Markets Income Fund (“TEI” or the “Fund”) Announces Distribution,https://www.businesswire.com/news/home/20211001005658/en/Templeton-Emerging-Markets-Income-Fund-%E2%80%9CTEI%E2%80%9D-or-the-%E2%80%9CFund%E2%80%9D-Announces-Distribution,10/01/2021 , 02:13 PM
Healthfirst Announces New OTC Plus Card—with More Ways to Save and More Places to Use It—as Part of Its Medicare Advantage Offerings for 2022,https://www.businesswire.com/news/home/20211001005657/en/Healthfirst-Announces-New-OTC-Plus-Card%E2%80%94with-More-Ways-to-Save-and-More-Places-to-Use-It%E2%80%94as-Part-of-Its-Medicare-Advantage-Offerings-for-2022,10/01/2021 , 02:13 PM
L&T Technology Services amplía la oferta del programa Intel AI Builders con su solución de radiología Chest rAI™,https://www.businesswire.com/news/home/20211001005655/es,10/01/2021 , 02:10 PM
‘Adventure starts where the road ends’ in new 2022 Frontier campaign,https://www.businesswire.com/news/home/20211001005654/en/%E2%80%98Adventure-starts-where-the-road-ends%E2%80%99-in-new-2022-Frontier-campaign,10/01/2021 , 02:09 PM
Integrated Payor Solutions Seals Partnership with Vālenz®,https://www.businesswire.com/news/home/20211001005653/en/Integrated-Payor-Solutions-Seals-Partnership-with-V%C4%81lenz%C2%AE,10/01/2021 , 02:08 PM
CAP Objects to New Rules Implementing No Surprises Act,https://www.businesswire.com/news/home/20211001005652/en/CAP-Objects-to-New-Rules-Implementing-No-Surprises-Act,10/01/2021 , 02:08 PM
Templeton Global Income Fund (“GIM” or the “Fund”) Announces Distribution,https://www.businesswire.com/news/home/20211001005651/en/Templeton-Global-Income-Fund-%E2%80%9CGIM%E2%80%9D-or-the-%E2%80%9CFund%E2%80%9D-Announces-Distribution,10/01/2021 , 02:07 PM
SHI UK Achieves Cisco Gold Integrator Certification,https://www.businesswire.com/news/home/20211001005382/en/SHI-UK-Achieves-Cisco-Gold-Integrator-Certification,10/01/2021 , 02:07 PM
PointsKash Secures Seed Round Investment from Seabury Global Markets,https://www.businesswire.com/news/home/20211001005649/en/PointsKash-Secures-Seed-Round-Investment-from-Seabury-Global-Markets,10/01/2021 , 02:05 PM
APCI: Feds Should Stop UHG’s Proposed Acquisition of Change Healthcare,https://www.businesswire.com/news/home/20211001005650/en/APCI-Feds-Should-Stop-UHG%E2%80%99s-Proposed-Acquisition-of-Change-Healthcare,10/01/2021 , 02:05 PM
"Decarbonization of Air Transportation: Air France, TotalEnergies, the Métropole of Nice Côte d’Azur and Nice Côte d’Azur Airport Carry Out a Nice-Paris Flight Fueled With 30% Sustainable Aviation Fuel",https://www.businesswire.com/news/home/20211001005647/en/Decarbonization-of-Air-Transportation-Air-France-TotalEnergies-the-M%C3%A9tropole-of-Nice-C%C3%B4te-d%E2%80%99Azur-and-Nice-C%C3%B4te-d%E2%80%99Azur-Airport-Carry-Out-a-Nice-Paris-Flight-Fueled-With-30-Sustainable-Aviation-Fuel,10/01/2021 , 02:01 PM
"Décarbonation du transport aérien : Air France, TotalEnergies, la Métropole Nice Côte d’Azur et l’Aéroport Nice Côte d’Azur réalisent un vol Nice-Paris alimenté avec 30% de carburant d’aviation durable (SAF)",https://www.businesswire.com/news/home/20211001005648/fr,10/01/2021 , 02:01 PM
Bayer Issues Voluntary Recall of Specific Lotrimin® and Tinactin® Spray Products Due to the Presence of Benzene,https://www.businesswire.com/news/home/20211001005645/en/Bayer-Issues-Voluntary-Recall-of-Specific-Lotrimin%C2%AE-and-Tinactin%C2%AE-Spray-Products-Due-to-the-Presence-of-Benzene,10/01/2021 , 02:00 PM
Trio-Tech Reports Fourth Quarter and Fiscal 2021 Results,https://www.businesswire.com/news/home/20211001005639/en/Trio-Tech-Reports-Fourth-Quarter-and-Fiscal-2021-Results,10/01/2021 , 02:00 PM
"Cloud Infrastructure Spending Decreased in Second Quarter of 2021 But Is On Track for Growth in the Full Year, According to IDC",https://www.businesswire.com/news/home/20211001005642/en/Cloud-Infrastructure-Spending-Decreased-in-Second-Quarter-of-2021-But-Is-On-Track-for-Growth-in-the-Full-Year-According-to-IDC,10/01/2021 , 01:54 PM
Johns Manville podtrzymuje zobowiązanie do tworzenia lepszego jutra oraz wyznacza cele na 2025 r. w nowym Raporcie Zrównoważonego Rozwoju,https://www.businesswire.com/news/home/20211001005640/pl,10/01/2021 , 01:50 PM
AM Best Assigns Preliminary Credit Assessment to Triangle Life Insurance Co. Ltd.,https://www.businesswire.com/news/home/20211001005636/en/AM-Best-Assigns-Preliminary-Credit-Assessment-to-Triangle-Life-Insurance-Co.-Ltd.,10/01/2021 , 01:44 PM
GML et EZ-WHEEL s'associent pour équiper les robots mobiles autonomes d'une roue motrice sécuritaire SWD à intelligence artificielle unique en son genre,https://www.businesswire.com/news/home/20211001005634/fr,10/01/2021 , 01:42 PM
Ynvisible Interactive nimmt an den bevorstehenden Investorenkonferenzen teil,https://www.businesswire.com/news/home/20211001005633/de,10/01/2021 , 01:41 PM
"GML und EZ-WHEEL arbeiten zusammen, um einen einzigartigen KI-betriebenen Wheel Drive für autonome mobile Roboter bereitzustellen",https://www.businesswire.com/news/home/20211001005631/de,10/01/2021 , 01:37 PM
New Mural Elevating Global Aspirations for Gender Equality is Unveiled in New York,https://www.businesswire.com/news/home/20211001005628/en/New-Mural-Elevating-Global-Aspirations-for-Gender-Equality-is-Unveiled-in-New-York,10/01/2021 , 01:32 PM
Resumen: USB-IF anuncia nuevos logotipos certificados de potencia de cables USB Type-C®,https://www.businesswire.com/news/home/20211001005627/es,10/01/2021 , 01:31 PM
"Eagle Bancorp Merger Investigation: Halper Sadeh LLP Announces Investigation Into Whether the Merger of Eagle Bancorp Montana, Inc. Is Fair to Shareholders; Investors Are Encouraged to Contact the Firm – EBMT",https://www.businesswire.com/news/home/20211001005626/en/Eagle-Bancorp-Merger-Investigation-Halper-Sadeh-LLP-Announces-Investigation-Into-Whether-the-Merger-of-Eagle-Bancorp-Montana-Inc.-Is-Fair-to-Shareholders-Investors-Are-Encouraged-to-Contact-the-Firm-%E2%80%93-EBMT,10/01/2021 , 01:25 PM
"Intelligent Waves Integrates Teradici PCoIP® Technology to Optimize Phantom, Its Award-Winning Cyber-Defense Solution for Ultra-Secure Communications",https://www.businesswire.com/news/home/20211001005624/en/Intelligent-Waves-Integrates-Teradici-PCoIP%C2%AE-Technology-to-Optimize-Phantom-Its-Award-Winning-Cyber-Defense-Solution-for-Ultra-Secure-Communications,10/01/2021 , 01:14 PM
Eutelsat Communications : AVIS DE MISE À DISPOSITION DES DOCUMENTS PREPARATOIRES A L’ASSEMBLEE MIXTE DU 4 NOVEMBRE 2021,https://www.businesswire.com/news/home/20211001005623/fr,10/01/2021 , 01:11 PM
Global Sustainable Clothing Market Outlook: Rapidly Increasing Textile Waste to Drive the Market Through 2026 - ResearchAndMarkets.com,https://www.businesswire.com/news/home/20211001005621/en/Global-Sustainable-Clothing-Market-Outlook-Rapidly-Increasing-Textile-Waste-to-Drive-the-Market-Through-2026---ResearchAndMarkets.com,10/01/2021 , 01:10 PM
Global Virtual Data Room Market with COVID-19 Impact Analysis 2021-2026 - ResearchAndMarkets.com,https://www.businesswire.com/news/home/20211001005620/en/Global-Virtual-Data-Room-Market-with-COVID-19-Impact-Analysis-2021-2026---ResearchAndMarkets.com,10/01/2021 , 01:03 PM
"iFIT Announces Multi-Year Exclusive Connected Treadmill and Content Partnerships With Boston, Chicago, London and New York City Marathons",https://www.businesswire.com/news/home/20211001005619/en/iFIT-Announces-Multi-Year-Exclusive-Connected-Treadmill-and-Content-Partnerships-With-Boston-Chicago-London-and-New-York-City-Marathons,10/01/2021 , 01:01 PM
U.S. Imaging Services Market Report 2021-2028: Increasing Prevalence of Cancer and Cardiac Disorders - ResearchAndMarkets.com,https://www.businesswire.com/news/home/20211001005618/en/U.S.-Imaging-Services-Market-Report-2021-2028-Increasing-Prevalence-of-Cancer-and-Cardiac-Disorders---ResearchAndMarkets.com,10/01/2021 , 01:00 PM
"Alerus Financial Corporation to Announce Third Quarter 2021 Financial Results on Wednesday, October 27",https://www.businesswire.com/news/home/20211001005095/en/Alerus-Financial-Corporation-to-Announce-Third-Quarter-2021-Financial-Results-on-Wednesday-October-27,10/01/2021 , 01:00 PM
La moda de Futian brilla en el mundo; éxito en el lanzamiento del foro de inversión en moda de Shenzhen Futian en París,https://www.businesswire.com/news/home/20211001005617/es,10/01/2021 , 12:59 PM
The Institute for Criminal Justice Training Reform Available for Comment on California’s Historic Passage of Criminal Justice Legislation,https://www.businesswire.com/news/home/20211001005615/en/The-Institute-for-Criminal-Justice-Training-Reform-Available-for-Comment-on-California%E2%80%99s-Historic-Passage-of-Criminal-Justice-Legislation,10/01/2021 , 12:57 PM
Global Hunter Syndrome Epidemiology Outlook 2021- 2030 - ResearchAndMarkets.com,https://www.businesswire.com/news/home/20211001005614/en/Global-Hunter-Syndrome-Epidemiology-Outlook-2021--2030---ResearchAndMarkets.com,10/01/2021 , 12:55 PM
エムファイン、インド最大のバーチャル病院を構築すべくシリーズCで4800万米ドルを調達,https://www.businesswire.com/news/home/20211001005612/ja,10/01/2021 , 12:47 PM
Global Airport Security Technologies & Market (with COVID-19 Impact) 2021-2026 - ResearchAndMarkets.com,https://www.businesswire.com/news/home/20211001005611/en/Global-Airport-Security-Technologies-Market-with-COVID-19-Impact-2021-2026---ResearchAndMarkets.com,10/01/2021 , 12:46 PM
GML e EZ-WHEEL se associam para lançar uma roda motriz exclusiva alimentada por IA para robôs móveis autônomos,https://www.businesswire.com/news/home/20211001005610/pt,10/01/2021 , 12:44 PM
Carlsmed Announces aprevo® Launch and NTAP Reimbursement,https://www.businesswire.com/news/home/20211001005608/en/Carlsmed-Announces-aprevo%C2%AE-Launch-and-NTAP-Reimbursement,10/01/2021 , 12:40 PM
Commonwealth Care Alliance® Introduces Range of Medicare Plans for Rhode Islanders in First-Ever Expansion Outside Massachusetts,https://www.businesswire.com/news/home/20211001005607/en/Commonwealth-Care-Alliance%C2%AE-Introduces-Range-of-Medicare-Plans-for-Rhode-Islanders-in-First-Ever-Expansion-Outside-Massachusetts,10/01/2021 , 12:38 PM
Global Cross-Cultural Training Market Poised to Grow by $1.46 Billion During 2021-2025 - ResearchAndMarkets.com,https://www.businesswire.com/news/home/20211001005606/en/Global-Cross-Cultural-Training-Market-Poised-to-Grow-by-1.46-Billion-During-2021-2025---ResearchAndMarkets.com,10/01/2021 , 12:36 PM
"Popular, Inc. to Report Third Quarter Results and Hold Conference Call on Wednesday, October 20, 2021",https://www.businesswire.com/news/home/20211001005605/en/Popular-Inc.-to-Report-Third-Quarter-Results-and-Hold-Conference-Call-on-Wednesday-October-20-2021,10/01/2021 , 12:36 PM
The Law Offices of Frank R. Cruz Reminds Investors of Looming Deadline in the Class Action Lawsuit Against Zymergen Inc. (ZY),https://www.businesswire.com/news/home/20211001005004/en/The-Law-Offices-of-Frank-R.-Cruz-Reminds-Investors-of-Looming-Deadline-in-the-Class-Action-Lawsuit-Against-Zymergen-Inc.-ZY,10/01/2021 , 12:35 PM
"Global Psychedelic Drugs Market Review and Outlook, 2021 | Featuring Profiles of Jazz Pharma, PharmaTher Holdings, ATAI LIFE SCIENCES, COMPASS Pathways, Mind Medicine, and Janssen Pharma - ResearchAndMarkets.com",https://www.businesswire.com/news/home/20211001005602/en/Global-Psychedelic-Drugs-Market-Review-and-Outlook-2021-Featuring-Profiles-of-Jazz-Pharma-PharmaTher-Holdings-ATAI-LIFE-SCIENCES-COMPASS-Pathways-Mind-Medicine-and-Janssen-Pharma---ResearchAndMarkets.com,10/01/2021 , 12:35 PM
"Global Oncology Partnering Deal Trends, Players and Financials 2021- 2025 - ResearchAndMarkets.com",https://www.businesswire.com/news/home/20211001005601/en/Global-Oncology-Partnering-Deal-Trends-Players-and-Financials-2021--2025---ResearchAndMarkets.com,10/01/2021 , 12:35 PM
AM Best Revises Issuer Credit Rating Outlook to Positive for Zurich Insurance Group Ltd and Its Main Rated Subsidiaries,https://www.businesswire.com/news/home/20211001005597/en/AM-Best-Revises-Issuer-Credit-Rating-Outlook-to-Positive-for-Zurich-Insurance-Group-Ltd-and-Its-Main-Rated-Subsidiaries,10/01/2021 , 12:32 PM
AM Best Affirms Credit Ratings of Farmers New World Life Insurance Company and Farmers Reinsurance Company,https://www.businesswire.com/news/home/20211001005599/en/AM-Best-Affirms-Credit-Ratings-of-Farmers-New-World-Life-Insurance-Company-and-Farmers-Reinsurance-Company,10/01/2021 , 12:32 PM
"New COVID-19 Probe Must Re-examine the Lab Leak Origin, Says AHF",https://www.businesswire.com/news/home/20211001005598/en/New-COVID-19-Probe-Must-Re-examine-the-Lab-Leak-Origin-Says-AHF,10/01/2021 , 12:32 PM
Fivetran Completes Acquisition of HVR,https://www.businesswire.com/news/home/20211001005217/en/Fivetran-Completes-Acquisition-of-HVR,10/01/2021 , 12:31 PM
"Pershing Square Holdings, Ltd. Announces Closing of €500 Million and $700 Million Senior Notes Offering",https://www.businesswire.com/news/home/20211001005576/en/Pershing-Square-Holdings-Ltd.-Announces-Closing-of-%E2%82%AC500-Million-and-700-Million-Senior-Notes-Offering,10/01/2021 , 12:30 PM
"AM Best Affirms Credit Ratings of Seguros Universales, S.A.",https://www.businesswire.com/news/home/20211001005594/en/AM-Best-Affirms-Credit-Ratings-of-Seguros-Universales-S.A.,10/01/2021 , 12:30 PM
"AM Best Afirma Calificaciones Crediticias de Seguros Universales, S.A.",https://www.businesswire.com/news/home/20211001005595/es,10/01/2021 , 12:30 PM
"CAES Acquires Colorado Engineering, Inc.",https://www.businesswire.com/news/home/20211001005585/en/CAES-Acquires-Colorado-Engineering-Inc.,10/01/2021 , 12:30 PM
"Interactive Brokers Group Reports Brokerage Metrics and Other Financial Information for September 2021, includes Reg.-NMS Execution Statistics",https://www.businesswire.com/news/home/20211001005592/en/Interactive-Brokers-Group-Reports-Brokerage-Metrics-and-Other-Financial-Information-for-September-2021-includes-Reg.-NMS-Execution-Statistics,10/01/2021 , 12:26 PM
Global Pediatric Neuroblastoma Treatment Market Growth Analysis and Insights 2021 - ResearchAndMarkets.com,https://www.businesswire.com/news/home/20211001005591/en/Global-Pediatric-Neuroblastoma-Treatment-Market-Growth-Analysis-and-Insights-2021---ResearchAndMarkets.com,10/01/2021 , 12:25 PM
"North America Plastic Compounding Market 2021: Major Players Include BASF, Kraton Ploymers, Covestro and Asahi Kasei Plastics - ResearchAndMarkets.com",https://www.businesswire.com/news/home/20211001005588/en/North-America-Plastic-Compounding-Market-2021-Major-Players-Include-BASF-Kraton-Ploymers-Covestro-and-Asahi-Kasei-Plastics---ResearchAndMarkets.com,10/01/2021 , 12:23 PM
Xtrackers (IE) plc UK Regulatory Announcement: Net Asset Value(s),https://www.businesswire.com/news/home/20211001005590/en/Xtrackers-IE-plc-UK-Regulatory-Announcement-Net-Asset-Value-s,10/01/2021 , 12:23 PM
Opioid Addiction: Worldwide Markets and Competitive Landscape 2018-2026 - ResearchAndMarkets.com,https://www.businesswire.com/news/home/20211001005589/en/Opioid-Addiction-Worldwide-Markets-and-Competitive-Landscape-2018-2026---ResearchAndMarkets.com,10/01/2021 , 12:23 PM
"Susan Gillies, NETS Marketing and Operations Director, Named New Executive Director of NETS",https://www.businesswire.com/news/home/20211001005587/en/Susan-Gillies-NETS-Marketing-and-Operations-Director-Named-New-Executive-Director-of-NETS,10/01/2021 , 12:21 PM
Alcohol Dependence: 2021 Industry Overview and Opportunity Assessment by Drugs & Countries - ResearchAndMarkets.com,https://www.businesswire.com/news/home/20211001005586/en/Alcohol-Dependence-2021-Industry-Overview-and-Opportunity-Assessment-by-Drugs-Countries---ResearchAndMarkets.com,10/01/2021 , 12:20 PM
34 Ameriprise Financial Advisors Named to the Forbes “Top Next-Gen Wealth Advisors” List,https://www.businesswire.com/news/home/20211001005584/en/34-Ameriprise-Financial-Advisors-Named-to-the-Forbes-%E2%80%9CTop-Next-Gen-Wealth-Advisors%E2%80%9D-List,10/01/2021 , 12:16 PM
"Ahead of NASDAQ Listing, Aurora CEO Chris Urmson and Aurora Investor and Board Member Reid Hoffman to Host Company’s First-ever Reddit ‘Ask Me Anything’",https://www.businesswire.com/news/home/20211001005583/en/Ahead-of-NASDAQ-Listing-Aurora-CEO-Chris-Urmson-and-Aurora-Investor-and-Board-Member-Reid-Hoffman-to-Host-Company%E2%80%99s-First-ever-Reddit-%E2%80%98Ask-Me-Anything%E2%80%99,10/01/2021 , 12:13 PM
Bank of New York Mellon UK Regulatory Announcement: FRN Variable Rate Fix,https://www.businesswire.com/news/home/20211001005582/en/Bank-of-New-York-Mellon-UK-Regulatory-Announcement-FRN-Variable-Rate-Fix,10/01/2021 , 12:12 PM
Overview of Global Patent Foramen Ovale (PFO) Closure Devices 2021 - 2026 - ResearchAndMarkets.com,https://www.businesswire.com/news/home/20211001005581/en/Overview-of-Global-Patent-Foramen-Ovale-PFO-Closure-Devices-2021---2026---ResearchAndMarkets.com,10/01/2021 , 12:11 PM
Bank of New York Mellon UK Regulatory Announcement: FRN Variable Rate Fix,https://www.businesswire.com/news/home/20211001005580/en/Bank-of-New-York-Mellon-UK-Regulatory-Announcement-FRN-Variable-Rate-Fix,10/01/2021 , 12:11 PM
Bank of New York Mellon UK Regulatory Announcement: FRN Variable Rate Fix,https://www.businesswire.com/news/home/20211001005579/en/Bank-of-New-York-Mellon-UK-Regulatory-Announcement-FRN-Variable-Rate-Fix,10/01/2021 , 12:09 PM
Big Whale Labs Raises $655K in Pre-Seed Funding Led by Slow Ventures,https://www.businesswire.com/news/home/20211001005194/en/Big-Whale-Labs-Raises-655K-in-Pre-Seed-Funding-Led-by-Slow-Ventures,10/01/2021 , 12:09 PM
Bank of New York Mellon UK Regulatory Announcement: FRN Variable Rate Fix,https://www.businesswire.com/news/home/20211001005578/en/Bank-of-New-York-Mellon-UK-Regulatory-Announcement-FRN-Variable-Rate-Fix,10/01/2021 , 12:07 PM
Bank of New York Mellon UK Regulatory Announcement: FRN Variable Rate Fix,https://www.businesswire.com/news/home/20211001005575/en/Bank-of-New-York-Mellon-UK-Regulatory-Announcement-FRN-Variable-Rate-Fix,10/01/2021 , 12:05 PM
Igloo to Donate 100% of the Sales Price of 2022 Playmate Calendars Sold to the American Cancer Society,https://www.businesswire.com/news/home/20211001005574/en/Igloo-to-Donate-100-of-the-Sales-Price-of-2022-Playmate-Calendars-Sold-to-the-American-Cancer-Society,10/01/2021 , 12:05 PM
"Schroders Global Investor Study 2021: Many Canadian Investors Interested in ESG, but Lag Global Counterparts",https://www.businesswire.com/news/home/20211001005573/en/Schroders-Global-Investor-Study-2021-Many-Canadian-Investors-Interested-in-ESG-but-Lag-Global-Counterparts,10/01/2021 , 12:04 PM
"AM Best Withdraws Credit Ratings of Ocaso, S.A. Seguros y Reaseguros",https://www.businesswire.com/news/home/20211001005572/en/AM-Best-Withdraws-Credit-Ratings-of-Ocaso-S.A.-Seguros-y-Reaseguros,10/01/2021 , 12:04 PM
"Global Irrigation Machinery Market 2021-2026 | A $6.6+ Billion Opportunity Assessment by Type, Application and Region - ResearchAndMarkets.com",https://www.businesswire.com/news/home/20211001005570/en/Global-Irrigation-Machinery-Market-2021-2026-A-6.6-Billion-Opportunity-Assessment-by-Type-Application-and-Region---ResearchAndMarkets.com,10/01/2021 , 12:01 PM
Colossal Biosciences and the Vertebrate Genomes Project Will Preserve the Genetic Code of all Endangered Elephant Species Through Genomic Sequencing,https://www.businesswire.com/news/home/20211001005558/en/Colossal-Biosciences-and-the-Vertebrate-Genomes-Project-Will-Preserve-the-Genetic-Code-of-all-Endangered-Elephant-Species-Through-Genomic-Sequencing,10/01/2021 , 12:00 PM
"Tech Data, a Legacy Company of TD SYNNEX Receives FY21 Americas Distributor of the Year Award from Cohesity",https://www.businesswire.com/news/home/20211001005068/en/Tech-Data-a-Legacy-Company-of-TD-SYNNEX-Receives-FY21-Americas-Distributor-of-the-Year-Award-from-Cohesity,10/01/2021 , 12:00 PM
"KBRA Releases Research – Consumer ABS Trend Watch: Record Issuance, Stellar Credit Performance",https://www.businesswire.com/news/home/20211001005569/en/KBRA-Releases-Research-%E2%80%93-Consumer-ABS-Trend-Watch-Record-Issuance-Stellar-Credit-Performance,10/01/2021 , 11:54 AM
MediaLink Hires Global Brand Leader David Muldoon in Europe,https://www.businesswire.com/news/home/20211001005568/en/MediaLink-Hires-Global-Brand-Leader-David-Muldoon-in-Europe,10/01/2021 , 11:54 AM
Nickelodeon Adds Mike & Molly to Nick at Nite’s Hit Comedy Lineup Beginning Oct. 4,https://www.businesswire.com/news/home/20211001005567/en/Nickelodeon-Adds-Mike-Molly-to-Nick-at-Nite%E2%80%99s-Hit-Comedy-Lineup-Beginning-Oct.-4,10/01/2021 , 11:52 AM
Alzheimer's Disease 2021: Global Markets and Shares for Key Drugs by Country - ResearchAndMarkets.com,https://www.businesswire.com/news/home/20211001005566/en/Alzheimers-Disease-2021-Global-Markets-and-Shares-for-Key-Drugs-by-Country---ResearchAndMarkets.com,10/01/2021 , 11:51 AM
The Worldwide Clinical Trial Imaging Industry is Expected to Reach $1.4 billion by 2028 - ResearchAndMarkets.com,https://www.businesswire.com/news/home/20211001005565/en/The-Worldwide-Clinical-Trial-Imaging-Industry-is-Expected-to-Reach-1.4-billion-by-2028---ResearchAndMarkets.com,10/01/2021 , 11:51 AM
Dorsey Commits to Inclusion Blueprint,https://www.businesswire.com/news/home/20211001005562/en/Dorsey-Commits-to-Inclusion-Blueprint,10/01/2021 , 11:49 AM
Bank of New York Mellon UK Regulatory Announcement: Early Repurchase(s),https://www.businesswire.com/news/home/20211001005564/en/Bank-of-New-York-Mellon-UK-Regulatory-Announcement-Early-Repurchase-s,10/01/2021 , 11:49 AM
EMEA Water Desalination Pumps Market To Progress at a CAGR of 2.58% Between 2021-2025 - ResearchAndMarkets.com,https://www.businesswire.com/news/home/20211001005563/en/EMEA-Water-Desalination-Pumps-Market-To-Progress-at-a-CAGR-of-2.58-Between-2021-2025---ResearchAndMarkets.com,10/01/2021 , 11:49 AM
Bank of New York Mellon UK Regulatory Announcement: Early Repurchase(s),https://www.businesswire.com/news/home/20211001005561/en/Bank-of-New-York-Mellon-UK-Regulatory-Announcement-Early-Repurchase-s,10/01/2021 , 11:48 AM
Xtrackers II UK Regulatory Announcement: Net Asset Value(s),https://www.businesswire.com/news/home/20211001005559/en/Xtrackers-II-UK-Regulatory-Announcement-Net-Asset-Value-s,10/01/2021 , 11:47 AM
MedinCell : Information mensuelle relative au nombre d’actions composant le capital social et au nombre total des droits de vote,https://www.businesswire.com/news/home/20211001005521/fr,10/01/2021 , 11:45 AM
Riassunto: Mountfort Investments – Supporto per candidati al Consiglio di vigilanza di IMMOFINANZ,https://www.businesswire.com/news/home/20211001005556/it,10/01/2021 , 11:42 AM
Mountfort Investments – Unterstützung für Aufsichtsratskandidaten der IMMOFINANZ,https://www.businesswire.com/news/home/20211001005557/de,10/01/2021 , 11:42 AM
Allstate Closes Sale of New York Life and Annuity Businesses,https://www.businesswire.com/news/home/20211001005555/en/Allstate-Closes-Sale-of-New-York-Life-and-Annuity-Businesses,10/01/2021 , 11:41 AM
イーグルアイネットワークスが監視AIリーダー企業のアンキャニー・ビジョンを買収,https://www.businesswire.com/news/home/20211001005554/ja,10/01/2021 , 11:40 AM
"Ophthalmic Lasers Market to 2028: Global Leading Players Include Quantel Medical, Lumenis, Aurolab and Alcon - ResearchAndMarkets.com",https://www.businesswire.com/news/home/20211001005553/en/Ophthalmic-Lasers-Market-to-2028-Global-Leading-Players-Include-Quantel-Medical-Lumenis-Aurolab-and-Alcon---ResearchAndMarkets.com,10/01/2021 , 11:40 AM
"Global Insomnia Market Insights 2018-2026: Pipeline, Epidemiology, Drug Sales, and Market Shares - ResearchAndMarkets.com",https://www.businesswire.com/news/home/20211001005552/en/Global-Insomnia-Market-Insights-2018-2026-Pipeline-Epidemiology-Drug-Sales-and-Market-Shares---ResearchAndMarkets.com,10/01/2021 , 11:37 AM
Notice to the Holders of The 274 999 943.70€ 0.125% Bonds due 07 September 2026 Issued by REMY COINTREAU (the Issuer) and Convertible Into New Shares and or Exchangeable for Existing Shares of REMY COINTREAU (the Bonds),https://www.businesswire.com/news/home/20211001005530/en/Notice-to-the-Holders-of-The-274-999-943.70%E2%82%AC-0.125-Bonds-due-07-September-2026-Issued-by-REMY-COINTREAU-the-Issuer-and-Convertible-Into-New-Shares-and-or-Exchangeable-for-Existing-Shares-of-REMY-COINTREAU-the-Bonds,10/01/2021 , 11:35 AM
"Kirstin Marr, Head of Insurity Analytics, Leads Panel Discussion on Next-Generation Analytics at InsureTech Connect 2021",https://www.businesswire.com/news/home/20211001005551/en/Kirstin-Marr-Head-of-Insurity-Analytics-Leads-Panel-Discussion-on-Next-Generation-Analytics-at-InsureTech-Connect-2021,10/01/2021 , 11:35 AM
The Law Offices of Frank R. Cruz Announces the Filing of a Securities Class Action on Behalf of Hyzon Motors Inc. f/k/a Decarbonization Plus Acquisition Corporation (HYZN) Investors,https://www.businesswire.com/news/home/20211001005226/en/The-Law-Offices-of-Frank-R.-Cruz-Announces-the-Filing-of-a-Securities-Class-Action-on-Behalf-of-Hyzon-Motors-Inc.-fka-Decarbonization-Plus-Acquisition-Corporation-HYZN-Investors,10/01/2021 , 11:35 AM
eMaxx Enters Its Fourth Year of Operations as a Captive Program Administrator Surpassing $100M With Technology Focused Model Proven to Drive Down Loss Cost,https://www.businesswire.com/news/home/20211001005541/en/eMaxx-Enters-Its-Fourth-Year-of-Operations-as-a-Captive-Program-Administrator-Surpassing-100M-With-Technology-Focused-Model-Proven-to-Drive-Down-Loss-Cost,10/01/2021 , 11:30 AM
Acquired Hemophilia Treatment Market 2021 to 2029: Increasing Prevalence of AH among New Born Demands Effective Treatment - ResearchAndMarkets.com,https://www.businesswire.com/news/home/20211001005550/en/Acquired-Hemophilia-Treatment-Market-2021-to-2029-Increasing-Prevalence-of-AH-among-New-Born-Demands-Effective-Treatment---ResearchAndMarkets.com,10/01/2021 , 11:29 AM
"Frank Poore, l'entrepreneur américain chevronné du commerce électronique rejoint le conseil d'administration d'ENGAGE XR",https://www.businesswire.com/news/home/20211001005549/fr,10/01/2021 , 11:28 AM
NWFCU Foundation Donates $20K to Northern Virginia Community College’s Student Support Programs,https://www.businesswire.com/news/home/20211001005547/en/NWFCU-Foundation-Donates-20K-to-Northern-Virginia-Community-College%E2%80%99s-Student-Support-Programs,10/01/2021 , 11:26 AM
"Global Order Management Software (OMS) Market, 2021: Overview, Trends, Drivers & Barriers, Vendor Positioning Maps, Leading Vendor Profiles - ResearchAndMarkets.com",https://www.businesswire.com/news/home/20211001005546/en/Global-Order-Management-Software-OMS-Market-2021-Overview-Trends-Drivers-Barriers-Vendor-Positioning-Maps-Leading-Vendor-Profiles---ResearchAndMarkets.com,10/01/2021 , 11:24 AM
Global Hypertension Market Overview and Forecast 2018-2026 - ResearchAndMarkets.com,https://www.businesswire.com/news/home/20211001005545/en/Global-Hypertension-Market-Overview-and-Forecast-2018-2026---ResearchAndMarkets.com,10/01/2021 , 11:23 AM
North America Garage Furniture Market Growth Fuelled by DIY Trends and Increased Number of Independent Garages - ResearchAndMarkets.com,https://www.businesswire.com/news/home/20211001005544/en/North-America-Garage-Furniture-Market-Growth-Fuelled-by-DIY-Trends-and-Increased-Number-of-Independent-Garages---ResearchAndMarkets.com,10/01/2021 , 11:21 AM
Le tribunal donne raison à Eurofins Viracor dans l'affaire de contrefaçon de brevet,https://www.businesswire.com/news/home/20211001005543/fr,10/01/2021 , 11:20 AM
Publix Announces Quarterly Dividend,https://www.businesswire.com/news/home/20211001005542/en/Publix-Announces-Quarterly-Dividend,10/01/2021 , 11:18 AM
City of Los Angeles Deputy Mayor Breelyn Pete Joins McGuireWoods Consulting,https://www.businesswire.com/news/home/20211001005540/en/City-of-Los-Angeles-Deputy-Mayor-Breelyn-Pete-Joins-McGuireWoods-Consulting,10/01/2021 , 11:14 AM
GML y EZ-WHEEL se asocian para llevar una exclusiva rueda de tracción equipada con IA a robots móviles autónomos,https://www.businesswire.com/news/home/20211001005538/es,10/01/2021 , 11:11 AM
Samenvatting: GML en EZ-WHEEL werken samen om een unieke AI-aangedreven wielaandrijving naar Autonomous Mobile Robots te brengen,https://www.businesswire.com/news/home/20211001005539/nl,10/01/2021 , 11:11 AM
